2.025937658312514100e-03,2.559373556442379183e-02
2.030061825120110797e-04,3.121031271990873379e-02
2.823621334148775086e-02,-5.066560522549581197e-03
-2.929469480267048523e-02,2.970963415490734949e-02
-1.658085009786139721e-02,2.877377446547854656e-03
7.400565782390643166e-03,1.868874633887370601e-02
2.387762563342277211e-04,-1.600556373701975468e-02
-3.306695288450647169e-02,-3.333458001942073839e-02
1.542788938500593010e-03,3.260201208337820677e-02
2.539781408609051438e-02,6.980988578849281478e-03
-1.360736751405467598e-02,2.728763686174690006e-02
-1.297420990326536572e-03,1.481183575911475953e-02
3.034843607571982571e-02,2.838483534639477113e-02
-2.133252050328493521e-02,-2.748458656473608958e-02
-2.911857871556429445e-02,7.184131183330721981e-03
-3.254869437518710662e-02,1.506118582116576510e-02
-2.104100323029706870e-02,-2.195209444398956572e-02
1.966451335752373436e-02,-4.580666637246100237e-04
1.200722989998436602e-02,1.358206272215666671e-02
1.400724637979731957e-02,-4.007754345884871616e-03
1.601167053444892130e-02,-5.787684663337202412e-03
-1.238290991516987488e-02,3.024150399817575330e-02
8.306087017571364695e-03,1.925633157715269522e-02
-2.307888871569158812e-02,-1.218474003787911597e-02
-6.333964291759537624e-03,-9.025095039174479972e-03
-3.184943864682368564e-02,-3.050907732521404916e-02
2.443919908458860174e-02,1.991298339230563458e-02
1.941816783870881080e-02,2.006466478062496339e-02
-1.049634445884819675e-02,-2.568833789457859729e-02
2.404655170162563194e-03,-1.028418672980964399e-02
-1.554806049372386978e-04,-1.315410862727732499e-03
2.051504873222924352e-02,2.473158436145511674e-02
-3.053336313893692533e-03,1.303651710832645638e-02
-2.692083723059394626e-02,1.208498573894617456e-02
-2.155244223964460082e-02,-1.021473439792139684e-02
-7.691247675607058160e-03,-3.163047621229887751e-02
1.127581249021344934e-02,9.230817267493800216e-03
2.588990127793781848e-03,-1.671506756693510662e-02
-1.918250793115392275e-02,4.685519681822743199e-03
-2.654774349484694679e-02,2.616238432184608831e-02
1.903958349615612888e-02,-2.042896606069063287e-02
-2.826056321812029162e-02,-2.322954902540708133e-02
-1.416696075039949529e-02,-2.115132096483455723e-02
2.371138186816247606e-02,1.973385043464383898e-02
2.452953357448015015e-02,-1.701201501484111978e-02
-1.379912807843722625e-02,2.299336244475391061e-02
-2.034483423046398037e-02,1.690248614293256291e-02
2.640267598859133424e-02,2.113447265352447202e-02
-2.309606514049435122e-02,2.605082006228238295e-02
-8.120862077170290516e-03,-6.597893322028289959e-03
1.367060193935832474e-02,1.079474217588790447e-02
1.350770260930911348e-02,1.439619815707074424e-02
-3.542088613045897560e-02,-2.703937237389957698e-02
2.622993277016710811e-02,2.962481343915603083e-02
2.445548699942436816e-02,-2.593468681424267175e-02
2.917064175465128306e-02,-3.440136342134645503e-02
1.357757227537320643e-02,3.561461663416091994e-02
7.274591785506427655e-03,1.705159045496563996e-02
3.457148572130319675e-02,-1.979723108010711385e-02
1.195330875024731149e-02,-1.763338169257304064e-02
-2.249813970125473170e-02,2.329251839045075323e-02
3.406185005588618919e-02,3.305084664124728622e-02
-2.141507771028368368e-02,1.857131418157399738e-02
3.467457938148763019e-02,-2.067380476391036254e-02
-2.368329336594663173e-02,2.112795153517206537e-03
1.011393295371059570e-02,-3.524236942787794397e-02
1.247375243995763050e-03,-2.012611191615942124e-02
2.448209712621710055e-02,-9.666535721456846059e-03
3.379214225034753161e-03,-1.914132794868528276e-02
4.419025227360498520e-03,3.094411923057727165e-02
-2.237090904864409702e-02,-2.604805260819318888e-02
-1.121289365766786617e-02,-1.914196982783902476e-02
1.897583986330143857e-02,1.343971427412845449e-02
3.021299901630414286e-03,-2.385921189602376036e-02
-2.568326986987235633e-02,-1.299237504150382513e-02
-5.105939734974418442e-03,-2.980966261346562618e-02
-1.808993386725538804e-02,-3.067158188105274796e-02
7.290732160021226593e-04,3.490050917286569021e-02
-3.197815614797547973e-02,-1.736680162297102661e-02
-9.323325014281520773e-03,-2.649142810675580301e-02
4.707297823407716186e-04,1.734478215197399198e-03
2.403923830174515414e-02,2.110081451964929827e-02
-3.155588288937687808e-02,-3.369512967287897898e-02
-2.626734939607951874e-02,-3.346822591111367484e-03
-1.395193284928368874e-02,2.470970921338269677e-02
-1.096815559782095273e-02,3.525914616167175053e-02
-2.685785688934442736e-02,2.467884892776783107e-02
2.329587045258048328e-02,1.896268092753004841e-02
-2.555648005294018296e-02,-3.414314517920286063e-02
1.523562662381940103e-02,-1.634151875874771329e-02
1.487366160388211428e-02,-1.055284855991261289e-02
3.242099427441602622e-02,2.091641732724384972e-02
-2.502349498454865817e-02,-2.227762253416289140e-03
2.939567429816350441e-02,3.452889251331291154e-02
-1.240071294172348168e-02,5.164366130849681880e-03
1.163543092218191632e-02,1.739689037251987425e-02
1.045826205092773020e-02,-1.765361420503567744e-02
1.847824954388128244e-02,1.327908555919528333e-03
-3.269256442591312456e-02,-1.990978481114655599e-02
-3.509013036537289576e-02,-2.217016930120590396e-02
-2.565553459296618377e-02,9.997144794448707683e-03
-2.733824320307131489e-02,-1.463875424958333699e-02
2.671220299254110919e-02,3.199594222794099885e-02
3.903463316699225250e-03,-3.962179827950856881e-04
-3.297132580706814420e-02,1.997288242105169087e-03
3.139209473635132253e-02,6.653705594797262868e-03
-1.536415992321536403e-02,6.835610580315676366e-03
1.716612424790171787e-02,1.860522385700421472e-02
1.876016561035401264e-02,-3.295157224679073904e-02
-3.499313883998439456e-02,3.368919379712385920e-02
3.421182913090747846e-02,1.247526691288228240e-02
1.945391420229921481e-02,-3.220252853580254232e-02
2.791363814546023170e-02,3.517881274832299066e-02
-3.437686624783699990e-02,-3.289919817436311178e-02
-2.032204259327619750e-02,-7.202792301315406182e-03
-1.221709377740910762e-02,1.948141398928217305e-03
-3.137097578115215918e-02,4.656671737522398435e-03
-2.641211440984326392e-02,-3.007544924416755833e-02
2.141027765509485870e-03,-3.334461646239092469e-02
2.325678498907256253e-02,3.396918396774603610e-02
1.301272833334773255e-02,-2.478249441492198085e-02
1.741753856209050932e-02,1.970309178292653507e-02
-2.716959789076663079e-02,9.210996060571852162e-04
1.875859425781572359e-02,3.493355054891429667e-02
-8.315715867587794574e-03,1.477159153483628001e-02
1.454847286049654187e-02,-1.457571364900772659e-02
-6.635136304697919485e-03,2.017497653341074337e-02
2.805326162804958057e-02,1.111772366144658797e-02
-3.023394086462468516e-02,1.587433918815441686e-02
5.698891487495291730e-03,-3.023611249059759976e-02
-2.686412764442093482e-02,-1.060591685670621287e-02
1.366564178319198269e-02,-1.083611457799535729e-02
1.919657306249161061e-02,-9.278818331913900319e-03
2.974784802456115207e-02,-2.712340555997684588e-02
-1.340593596912921515e-02,2.827453023343359795e-02
-1.250509799241003930e-02,-1.629345210582930359e-03
2.092168874391611005e-02,5.136132852879685129e-03
-1.472728755735424125e-02,-2.859294884136255599e-03
-2.379433580579203705e-02,2.227037819204494284e-02
3.198144670611344220e-04,-2.869856702417993358e-02
3.372321847622361535e-02,3.427943874433306282e-02
2.759010909627755692e-02,1.573615010865426350e-02
3.545706901623016383e-02,9.455730729367381460e-04
-2.197522565126093508e-02,1.079436099981831432e-04
2.765700882039617836e-05,-8.434048962056794885e-03
-3.505295195076566644e-02,2.095653258187316070e-02
-9.539011677307203396e-03,-2.184962422591894479e-02
-7.989445736593991931e-03,-2.201057709733741236e-02
-2.979552211980565982e-02,3.088439746235779881e-02
-2.399913122020792822e-03,8.967701705835065540e-03
-1.229669093408769509e-02,-8.222539282375523201e-03
-7.664589664262436153e-03,2.128766778746261912e-02
-8.578850680773977833e-03,-3.482699963496336398e-02
1.304546956965697835e-02,2.041213154420053189e-02
-3.028652652473283122e-02,-9.075621820223200853e-03
-1.794102343515508596e-02,3.379341708312762205e-02
2.674594709000201881e-02,-2.622048035213448564e-02
1.413196868293025571e-02,1.321803967610154368e-02
1.555547597179238184e-02,-1.428331877601294805e-02
9.933468779429327489e-05,3.267163460645267081e-02
3.248671262615990263e-02,1.101737678750287081e-02
3.526255699018725209e-02,8.116865223882427371e-03
1.981032256445824230e-02,-2.209266264831727389e-02
-1.916550842401300303e-02,-2.010558711160344292e-02
-1.314076017884760125e-02,2.496769562749905774e-02
1.621881222727571126e-02,-1.585549416717837654e-02
5.481953517482096583e-03,-5.071709864601172540e-03
3.389061126656738032e-02,-7.462888191318906017e-03
-1.089888289042419134e-02,9.475123928819516317e-03
1.534513045170359663e-02,-2.338109032882174088e-02
-9.633121268762794703e-03,-8.676726654960123519e-03
-1.938125043395986721e-02,2.405105222535813825e-02
3.172865955816550620e-02,7.176451352377988258e-03
3.663867786631677670e-03,3.525677408857694206e-02
2.190690811960707696e-02,2.951534327071625441e-03
3.678493905769283923e-04,-2.190977559703504579e-02
-1.510387898467956472e-02,2.290439002884635256e-03
3.251605640640142791e-03,1.995193736463703182e-02
-2.762366035926878266e-02,-1.366572730044879336e-02
-3.357585079501446829e-02,-6.272828034328818692e-03
-2.141667903849015647e-02,2.223661754198093254e-02
2.692817794227021777e-02,1.361789735846959115e-02
2.344745636568933839e-02,-1.813508117702608211e-02
1.932384311459960091e-02,2.379743220514003027e-02
-1.197609116975691113e-02,3.835129311650045669e-03
-7.643529181253556903e-03,2.119280330971790721e-02
2.847851933789682932e-02,1.318968115492035603e-02
-2.752197897255617004e-02,8.337350104185639599e-04
8.113522077079562966e-03,3.065144188364314626e-02
-3.374817754944400838e-03,-1.726269922670509854e-02
2.442037616982906806e-02,1.947719737440478660e-02
3.354897157938525887e-02,1.187391090862329607e-02
-3.496441183838683298e-03,8.745561836940432543e-03
1.285441152796968495e-02,2.366332592770160892e-02
-7.587416789895971153e-03,-3.457324079776125797e-02
-5.215854318514717008e-03,8.396724000244930319e-03
1.258608604375358042e-02,3.515969392737838817e-02
-1.675791516063405637e-02,-1.052749956491872557e-02
2.914086528783911556e-02,-1.628567519715999959e-02
1.087905778183728689e-02,2.365639544880376866e-02
2.352154277582203801e-02,3.400359798098105679e-02
-3.269363370837323479e-03,-1.645102535368871133e-02
-3.045429266763244325e-02,-1.259880923770981265e-03
8.286123276461769549e-03,-2.778731559757950317e-02
1.120386496425659906e-02,-4.579609878812229695e-03
2.119907647405561146e-02,3.891043109934780309e-03
2.066314088651357433e-02,3.526303430173079179e-02
-2.209319298248779706e-02,-7.263666616190305597e-03
-1.068497847136174600e-02,-3.234822489770583509e-03
2.070421120061377573e-02,-1.600933178722489456e-02
2.725222756303413707e-02,1.476440320809437046e-02
-1.730829035134343052e-03,2.900719311736883743e-02
2.259575816043287583e-02,3.453616419423917450e-02
-5.973329835406073623e-03,2.593285585249620329e-03
-2.792126334108353813e-02,-8.631709936043847897e-03
5.070259401124051213e-03,2.849567898917587661e-02
3.380787128914350403e-02,7.481805450014269998e-04
-2.725231304060485304e-02,-2.079278301500205040e-02
-3.288332578885305030e-02,-5.141732725125278819e-03
1.009651969725763182e-02,-2.049220016994052901e-02
-1.360398581253531580e-02,2.574529523638162398e-02
3.942689208153507541e-04,8.374253959725186380e-03
-2.694178306425083075e-02,5.234474498340913051e-03
-3.040105430764733496e-02,8.597727527486116739e-03
2.740917943483255070e-02,2.381213168888387383e-02
-3.406861311586414920e-02,2.767404942834471304e-02
-2.669702040271269491e-02,-2.564978536884888333e-02
-1.300514897587597141e-02,2.703584437335809776e-02
-2.391501455453510366e-02,-5.083562393687797443e-03
-2.271394745748681054e-03,-1.686444820167019507e-02
-1.511037416735257211e-03,-3.684228927569178913e-03
-2.708007439857010312e-02,1.268356534450858220e-02
-2.992849081579698062e-02,-1.243751701711566515e-02
-2.617998758605964357e-02,1.140706126123369746e-02
7.045749367319456558e-03,2.346496718248664709e-02
2.067231409682292187e-02,-3.294609462051054094e-03
2.929286948321592476e-02,-1.136159257246358370e-02
-6.067461535996257482e-03,3.210430410748653374e-02
-7.355605179091704443e-03,-3.359430036994748986e-02
2.778687118689719682e-02,-1.665998453332907803e-02
5.514129264962204513e-03,-2.746036130652836083e-02
2.080046555575569556e-02,-3.033213282879020437e-02
-2.099528547188026298e-02,-5.350781846477907500e-03
3.018028761338983901e-02,1.968224449696756584e-03
-2.882404716832931424e-02,5.724123957954047048e-04
-5.691829731831798966e-03,-6.541798260167017848e-03
-9.326532374631046896e-03,-1.310553898583842122e-02
-3.249715189434135287e-02,3.255116161720487955e-02
-6.023956304761306918e-03,-4.249739004353651761e-03
3.053850239495772834e-02,8.854924588623781789e-03
-5.488647872860321492e-03,2.078565486400323764e-02
1.505333296515830310e-02,-2.658238210123881756e-02
-1.111741235645775233e-02,-1.182435013203756227e-02
2.568802784157145358e-02,5.176280482418291196e-03
-1.693115137684916491e-02,-2.970490620807193088e-02
-2.418327918992974057e-02,-2.935064906450696176e-02
-1.349026513166380614e-03,5.069736914609448974e-03
-3.317684603763563361e-02,4.069997996467414336e-03
-8.994884542503418789e-03,9.825160642456226556e-03
1.473325354157030420e-02,4.304612409787925142e-03
8.449829081535839559e-03,2.286431679794060506e-02
-7.067884956877323877e-03,-3.300803641820663353e-02
-1.021514431600984568e-02,-2.161153176206305482e-03
-6.854203844661801992e-04,2.621253334111003919e-02
-3.056445009104569177e-03,2.432075412083886667e-02
4.386973340810278177e-03,2.949839211896768121e-02
2.385758364266345882e-02,-4.963581016205961816e-04
5.311516140033008260e-03,1.732013342913688025e-03
1.759166263532244145e-02,2.764116045000813982e-02
-1.868811139630838225e-02,-2.818019483974892880e-02
1.593964422343829845e-03,9.153858319123762965e-03
2.933428662972202561e-02,-2.215668827037087923e-02
2.941742014024981144e-02,-3.020241368329741605e-03
2.201692205137743830e-02,1.264611627601407856e-02
8.081448447370069565e-03,3.173279390672099909e-02
-9.733128320693951174e-03,7.003115159969951209e-03
-1.372813616473990417e-03,-1.666238112517150205e-02
3.853172474016577920e-03,-7.002972891324357740e-03
-2.227980871318905806e-02,-1.761450800786705170e-02
-8.139010250697503029e-03,1.418872357975452247e-02
1.771709174893985883e-02,2.459689178059610432e-02
1.607814597647002491e-02,-1.035916710222594544e-02
-2.928365048778031055e-02,3.355402154565481632e-02
1.101706623818719810e-02,-2.727037623684806442e-02
-1.858540721583557681e-02,1.832142903332187323e-02
1.998987030883797589e-02,1.884796912353256526e-03
-8.587633850743243979e-03,-1.521754288099374033e-02
1.492889489474763520e-02,-2.050033480282636988e-02
1.217038255345151421e-03,3.709641451490781894e-03
-8.514727012611435913e-03,1.495410971658550636e-02
-1.218358100487895376e-02,3.195048597728561424e-02
-7.087681462109099439e-03,1.013233653224740460e-02
-1.917202814679120487e-02,-1.629121724949018218e-02
-1.400118916530584956e-02,2.139822549018129821e-02
-1.409083065765216053e-02,3.490176480665888037e-02
-1.853764895672768351e-02,-2.438460133799180002e-02
2.752421477386367277e-02,-1.542351096851697634e-03
1.344046469138462929e-02,7.685794001010048948e-03
-1.362407058451839056e-02,-3.082852737156558179e-02
2.216694059141002815e-03,8.672216627491513563e-03
-2.788444987172045142e-02,1.982150721828446205e-05
3.273364821800026081e-02,6.862379334073645532e-03
1.641461246686947567e-02,-7.106406102609486020e-03
-1.123826746996208631e-02,3.344502558965771477e-02
2.032891721800660773e-02,-1.667748925138566249e-02
-2.941783699110854175e-02,-2.679414958168115785e-02
2.332091496762236232e-02,2.626959480326270663e-02
1.201943111278264142e-02,-2.467906146903641601e-02
3.255246508945014439e-02,-2.387156982212147033e-02
2.037855415615207055e-03,2.186218291919464485e-02
2.030393147322431813e-02,-5.216450092831986102e-03
-1.294147869409259868e-02,-1.403199245837865108e-02
1.827720578440263088e-02,3.144291861781955966e-02
-6.704310602378162759e-03,-1.682062222429703269e-02
2.865352423616249200e-02,6.608100627968523100e-03
3.477594666927394385e-02,-2.549843034045373713e-03
-2.348947008935595507e-02,-1.110161502759132029e-02
-3.806564233915232798e-03,2.760228469596594236e-03
2.385790059429279686e-02,-3.068087438305901193e-02
3.382685271323157550e-02,-2.893825138322412074e-02
4.036473915900076759e-03,6.275670351553956638e-03
-1.052301489793031411e-02,-1.395287830317704092e-02
1.667459620623780447e-02,-2.505308709325379524e-02
-1.094297910436740906e-03,3.544861343465233183e-02
-4.855012418457996248e-04,6.084992011769506381e-03
-3.112633941568769894e-02,-3.392988002694732885e-03
-2.197813949611426149e-02,-2.731795754537826026e-02
3.317693936273707900e-02,-9.701746037907972575e-03
-4.005184597679234404e-03,-2.624588995291426280e-02
1.250220424480107118e-02,2.956378953355785766e-03
-2.469422966139443384e-02,-5.508939104590042379e-03
3.442232341361389780e-02,1.922305753642086085e-02
-2.936405873137537537e-03,3.088153880865369960e-03
-2.805743553975503790e-03,3.276536789151002216e-02
1.805145596269888686e-02,-1.923639298403112541e-02
1.541215688438266063e-02,-7.719619514299995433e-03
2.299699654192619014e-03,4.385050619599054067e-03
3.570013251930842513e-02,6.987293456105589384e-03
-2.397944241207359065e-02,1.842782368804634502e-02
2.510780923057570613e-02,-2.817448930196579313e-02
2.805426272901243023e-02,9.558896228345201140e-03
1.846548484366294235e-02,-2.088004205410722014e-02
1.019090549800358292e-02,1.851287065861477454e-02
2.002685826023730548e-02,-2.342444197856732163e-02
2.335911398158849184e-02,-1.222557447565497668e-02
-2.118942763244945071e-03,8.751279203553230523e-04
-1.971964552925384653e-02,2.711945469893119187e-02
-1.094181296870498296e-02,-4.961204531532242140e-03
-1.722056611590250252e-02,-1.433778785975052192e-02
-3.540956356740528055e-02,2.354200209182178566e-02
-1.060745167459561933e-03,3.269402564129432476e-02
3.086587364607512596e-02,1.648079509181609587e-02
-6.609130511855781237e-03,-6.192263622781381954e-03
-2.824995796668794412e-02,-3.930064033627680975e-04
3.222413216083340470e-02,-2.325003538738028980e-02
4.379409285959416642e-03,2.442837355474408723e-02
-3.161027978772223967e-02,7.480468377086456344e-03
3.068579375470163739e-03,-2.145372056546228021e-02
1.928588757947727328e-02,-8.751574668913811306e-04
6.982024637555594992e-03,1.179607990829523861e-02
3.351407824241434130e-02,1.838315678965702499e-02
-1.941908919968003341e-02,-1.627124281533596714e-02
3.042486569634861304e-02,1.699698957328237003e-03
-1.671280365545700294e-02,-4.149079178851149130e-03
-8.842607890900886641e-03,4.766402391560058127e-03
1.174356087137518739e-02,-9.623703591914969241e-03
-1.330596547138400421e-03,-1.551174230799733447e-02
-2.473215612860769907e-03,-2.624937264418505944e-02
1.218864387270013339e-02,-1.056958250516791542e-03
3.115080404186003349e-02,3.068262700356949590e-02
-1.116179938215790257e-02,-1.007477173379064603e-02
6.313238986697077004e-03,3.135695746617980784e-02
2.149329447270643262e-02,3.131563175042385849e-02
-1.448541253019817662e-02,8.501274040467181325e-03
-2.429375059819918053e-02,-2.423920359981585060e-02
-2.522931032602226259e-02,2.506035036932972859e-02
2.484737682759534383e-02,1.536341596439512458e-03
2.514447223093049799e-02,8.856688039747054320e-04
-2.477234544300056102e-02,-1.500005564021670776e-02
-2.974919657113754209e-02,-2.246389639616753336e-02
-2.078715002500217471e-02,1.988008668623331143e-02
3.507395442949415298e-02,2.804138183821695829e-02
-2.077466393043721909e-02,4.433697012501645884e-03
-2.864224780612438861e-02,1.509853830222072923e-02
-3.564978113807946297e-02,2.788662646667565415e-02
2.537545990891416914e-02,1.729105413462393714e-02
4.215244514798870135e-03,4.888331578029925240e-03
-3.123414668560703378e-02,-2.937101046584493155e-02
2.544134658198465154e-02,2.597055655602496793e-02
8.693337444448098750e-03,-1.437483744346748291e-02
-1.341854908583038630e-03,-1.804057420460303263e-03
-2.370566291532710812e-02,2.696957794524393326e-02
1.380037306448332612e-03,-1.066491489369745735e-02
-3.112975474981134749e-03,-2.635474560754838547e-02
-9.279025887689515417e-04,7.371042236583462415e-03
-1.913972228736335671e-02,-2.784744000767232219e-03
6.991765186441165070e-03,1.130707705704320915e-02
3.181010544450942057e-02,-4.833349085324518957e-03
3.399768862802676761e-02,-3.321409883345046582e-02
-2.618986020337551318e-02,-2.572223659724625494e-02
1.553139734884657203e-02,9.238090678938541689e-03
-1.947196864794323648e-02,2.064195322608507188e-02
-1.688437226930631849e-02,-2.357846025622534897e-02
-2.861900169059401061e-02,-1.715065654652715016e-02
-2.832020084293997153e-02,-9.810601708069115884e-03
-2.011368792841409722e-02,-2.801215311785613948e-03
1.751004978798917366e-02,2.883784125931913855e-02
2.876915977686175796e-03,3.084444488962133357e-03
-1.468581456445565425e-03,-1.271247745806407953e-02
-3.616762116855985754e-03,-1.118847812814530163e-03
2.715512726969140922e-02,3.200026161493500776e-03
4.830063125379820133e-03,1.803597711224186328e-02
2.451087540505719753e-02,-3.562231839318620585e-03
1.919852915142131189e-02,-2.145951929774278857e-02
-2.569349219134309248e-02,-3.024539524441138827e-02
-1.457527371739284275e-02,1.871060606428816275e-02
3.427868660632460429e-02,2.285435012635105012e-02
2.374332558394181419e-02,2.483070451029240761e-02
-2.695142107976389312e-03,-2.524169214845653486e-02
2.904886275688751962e-02,-4.769716284710154991e-03
-1.000304040805082006e-03,1.676024113386952175e-02
1.752039839943846794e-02,1.734547824409420069e-02
-2.318955309046379781e-02,-2.540914050244006891e-02
-2.538752974352367908e-02,-1.121496199424109469e-02
2.547807026802406671e-02,7.194280779491135647e-03
2.569102684309440554e-02,2.166713210735705247e-02
1.095392350401604847e-02,-2.869937427666074958e-02
1.467182432516618562e-02,-2.692291116804261183e-02
-3.485372247562137926e-03,1.262389264484877621e-02
-3.308246759716591129e-02,3.146595378014641065e-02
-2.977318934165268383e-02,-2.352473092523589548e-02
-1.850396608638851803e-03,1.795518683395315451e-02
-1.541265493603213507e-02,2.466280725687704928e-02
-6.382371460043383127e-03,-1.867195179325854826e-02
-2.799359257157416417e-02,-2.754778132217945014e-02
-2.964742916789752172e-02,-2.403210463674570335e-02
1.852625842855060850e-02,-9.676875961379949320e-05
-2.469887569406773939e-02,-2.777065375715797452e-02
-3.072071446936499445e-02,3.125425111119166377e-02
-2.407204163443059028e-02,-2.001333674300240575e-02
-3.028040208576137163e-02,1.492812397217704867e-02
3.036469727604809710e-02,-2.207466563945013893e-03
-2.478298483078515344e-02,-2.885661346625992621e-02
1.514714096590826647e-02,2.757472824949218360e-02
2.459200879451600014e-02,2.676027280953351128e-02
-1.296877026426473956e-02,2.651673130350733210e-02
-2.181192421470557613e-02,1.937911218818418740e-02
2.702530047644299827e-02,-1.158032204140074795e-02
-1.902623494530874051e-02,-2.862505935540824928e-02
-9.524194301948809421e-03,-3.305708642384082296e-02
-3.129883579157978490e-02,1.015176290007802767e-02
-1.356825659025298614e-03,2.382847170997358377e-02
-1.605760689809999225e-02,1.006458115745186704e-02
1.817219030191975782e-03,-2.324964742871583195e-02
-8.051098804730396491e-03,-1.719804500339093198e-02
-1.008153307552870845e-02,-2.742156702312230007e-02
1.188172835098461749e-02,-2.063863804317146722e-03
-2.008915248129421530e-02,-3.318619749796367785e-02
1.583910143048494756e-02,2.805110586404901962e-02
-1.950911948007651164e-03,-8.439769793070570764e-03
6.384788569088258037e-03,3.191587745594216818e-02
2.626591642632744583e-02,2.663949716250119115e-02
-2.826805988437210843e-02,8.112887361396099728e-03
2.519861475834754561e-02,-3.087403846954311915e-02
1.331643270986860444e-02,-2.204769482976860068e-02
-1.438104637337984243e-02,-3.386427452173491198e-02
8.489209650366993931e-03,-9.074224454593174394e-03
3.343007532541816818e-02,9.399774564260096610e-04
-3.268256193453569769e-02,3.082800012333811179e-03
6.684745434310600254e-03,2.162203515659155695e-03
2.796607238550954944e-02,-2.495543682847502220e-02
2.098336243160409814e-02,-1.475723148724136444e-02
-2.352573340085634124e-02,-2.015404672670630809e-02
-2.575406981295101302e-02,1.974787993122331664e-02
3.074027960951318528e-03,-3.399512619024538940e-02
3.457013596878705242e-02,-6.695496732116112959e-03
-6.271194763365049024e-03,2.601528978733921166e-02
1.852407034677722858e-02,2.668000139602230009e-02
2.433347411629892265e-03,5.095053407220620501e-04
-2.163954633411797890e-03,-6.894002989547145382e-03
-3.293393874844025709e-02,-8.720858057798961532e-03
1.496184670346853429e-02,-9.204422877384901142e-03
1.060221185136632494e-02,2.022346642519926019e-02
-4.863328637338126814e-03,8.259834698339761638e-03
4.945716661522617241e-03,3.420073186642157148e-02
5.288181837549678355e-03,-1.404909119387810768e-02
2.596547048261331481e-02,-1.303888326571946144e-03
-2.609399408523745828e-02,3.292149881746864182e-02
3.411467660877497143e-02,8.511899312122997441e-03
1.827873269647006804e-02,2.184167656058993989e-02
-2.601676125035751186e-02,1.368624908338252066e-02
-2.511638818859479594e-02,3.557464692633903469e-02
-9.568977205164190536e-03,-2.291156808211987361e-02
3.471701035111199318e-02,-2.875766028228918594e-02
3.370746738988456004e-02,-2.801941601262777914e-04
1.711627872288438990e-02,-1.445620804548789287e-02
2.989283463951369901e-02,-1.892904372884497005e-02
-3.481470703881685280e-02,-7.377742029835050730e-03
-3.096005606722763287e-02,2.132890682569336949e-02
1.146340733646609988e-02,8.814521459373184098e-03
-1.379581215110016468e-02,-2.009074319928007279e-03
-3.679109755749317145e-03,5.659139562885079355e-05
-9.385568110980815199e-03,-2.207366569045057098e-02
9.265828001653812762e-03,-8.733390308718905204e-03
1.243549747005349981e-03,2.656445779765941040e-02
7.000431492799517874e-03,-2.767269063003527374e-02
-1.564160532457805827e-02,-2.549276181410018924e-02
2.577729320186218642e-03,1.876994104998260665e-02
4.278156971957478016e-03,1.387731540872032959e-02
-3.170362446600435286e-02,-2.060233904515776371e-03
1.288191959845483292e-02,1.412210632845384978e-02
-1.570013297222392842e-02,2.375667564722185737e-02
2.971764563937370762e-02,-2.259976142448986633e-02
3.388934793509881804e-02,-1.552619984902164907e-02
-1.803253483067571508e-02,-9.395779280794460536e-03
1.579651639077701841e-03,2.143404791443652424e-02
2.335751840857760303e-02,-3.140378400768917277e-03
1.199271930571657596e-02,-2.923187501494608348e-02
1.651268152549941609e-02,1.017857730743273320e-02
-1.735945664495371077e-02,-1.383050675727715007e-02
-3.448878947773301173e-02,-3.194031011852585533e-02
-1.526493149220054663e-02,-3.464116162492082013e-02
2.453008245862853959e-02,-2.251926724041448946e-02
1.394091393606088775e-02,1.407391144664214833e-02
3.505382727790565256e-02,-1.377217921618710192e-02
2.334981675414300045e-02,-4.083685411743011306e-03
7.002728391419799081e-03,-7.481717929113070042e-03
-1.675915732890787685e-02,-1.602319130713948658e-02
7.534358792231833635e-03,-7.050873038639285384e-03
-3.464995082665272425e-02,2.617738986474253682e-02
-2.841182936960009314e-02,-2.385845064376541924e-02
3.343369454079486713e-02,3.502526585625465039e-02
-9.464858952769834854e-03,-2.382315456808612245e-02
3.544034147512556410e-02,2.858671865884913899e-02
-2.109164320100773496e-02,2.321561353884762230e-02
2.994133223503785135e-02,-3.454761648074051311e-02
1.981255798309519006e-02,3.209202098096093636e-02
3.214294398778236306e-02,1.316550960783319929e-02
7.938182412025519830e-03,8.709407952216120796e-03
-1.777973267365074578e-02,-3.283815898463378347e-02
2.462021249562118541e-02,2.624707592049234373e-02
-2.009884494703247093e-02,-2.831128466886382103e-02
1.583622384441151637e-02,1.583822543733273691e-02
2.321803555123945484e-02,-1.690570167588332715e-02
-8.421403431578988741e-03,2.801456654213767272e-03
2.161997870679801398e-02,1.006352929203020025e-02
1.706414667497226784e-02,1.938708858016512104e-02
2.841543086656304895e-02,-1.458109264427740956e-02
-1.369378618548839494e-02,-1.463069068548575671e-02
5.811304037876045825e-03,-1.111710963767435778e-03
-4.905729169489860680e-03,6.731204466168601297e-03
1.157501773070501033e-02,-1.635273836892079877e-02
2.190125866356532058e-02,-1.649069804021370544e-02
-1.920624697316360152e-02,8.705176766961079948e-03
3.478973603553513205e-02,-3.404728880370913591e-02
2.490144783928079780e-02,-3.364645494355001515e-02
1.711603445105119164e-02,-1.228402188916828675e-02
-1.746508550441032079e-02,1.973714025100977570e-02
1.730371239812455997e-03,1.057606777537058174e-03
-1.539676691692596841e-02,-5.524664323092492307e-03
-1.078851071441651321e-02,-2.167843268847810881e-02
9.574543813212231524e-03,5.444818114274392606e-03
2.803853358383173733e-02,2.695951007660769838e-02
-5.618106323057949630e-03,-1.641541726920800817e-02
-2.663341401873246458e-02,-4.292118917944461043e-03
-1.265650995603990331e-02,1.853862300208105468e-02
2.522135689757265542e-02,-1.623332409947654542e-02
-2.328360493956185134e-02,-1.013836947462756419e-02
-1.405059775960394025e-02,-1.606318684895004234e-03
2.453771435916435317e-04,-8.321612326552207950e-03
-3.207713086961432730e-02,-1.465040830866139177e-02
9.293244228426797426e-04,1.231831643519617353e-02
3.095794324856737667e-02,-2.977036455633096448e-02
5.066934424233802969e-03,2.224939567053901834e-02
-2.659163074261235160e-02,-2.003486310675797397e-02
2.390537498664652150e-02,-2.915698367706530056e-02
2.025643306061247761e-02,1.945609328529590565e-02
-2.513091165184102443e-02,7.244027902583202727e-03
2.404615921922737681e-02,1.740196899597905994e-02
-2.399489487727890502e-03,-4.067516240828801533e-03
-3.480893920082948206e-02,-1.427059550623961670e-02
-3.134603876804558514e-02,1.192197474524494399e-02
-2.904850202547032412e-02,3.403214015294929451e-02
-3.479118209451989574e-02,-3.524710167499236352e-02
3.015058596687640591e-02,2.888260286689108003e-02
6.817354631710681456e-03,-1.658315053618156579e-02
-1.833041631369922153e-03,1.782620589746643919e-02
-2.078233438998368376e-02,-2.808591094655263701e-02
1.578510650399543580e-02,9.096590183342433134e-03
-1.271852752298479466e-02,1.092833025080189313e-02
6.862931020573982688e-03,2.644800655923042892e-02
-3.355844177317948013e-02,-3.295700148785992573e-02
-2.336703284967764707e-02,-1.052587510471469229e-02
-2.611686271392634623e-02,-5.755026147233079786e-03
-1.364254915893625686e-02,2.290494293719302910e-03
-6.274642695587542840e-03,1.382493612818359863e-02
-1.071922658140870080e-02,1.424674024775764158e-02
2.580008688369272996e-03,1.860879079319359419e-03
-5.755727007436452908e-03,-2.545298114976064091e-02
-1.972080252717244367e-02,-1.993465082660506732e-02
2.220941004556283710e-02,1.046827035137710971e-02
-6.356931957409106548e-03,-1.812623509883658571e-02
9.941766776685415086e-03,-2.121602198539736944e-02
1.627029302984783071e-02,-2.466318579209659384e-02
1.132669144845026982e-02,1.512721257667445918e-02
-1.343781664639621953e-02,-2.118837108036529179e-02
3.257977233381448290e-02,-2.881580492484320244e-02
3.469249209062931494e-02,-3.070974440389816554e-02
-8.456893511157859145e-03,-1.810119296488187438e-02
-1.506918029567463554e-02,3.215175719464793969e-03
-1.934187766582831300e-02,-7.478186839451814866e-03
8.258420791852974507e-03,-3.083071965045248997e-02
-3.230487825459549267e-02,-3.492540770233357184e-02
2.735904039581307789e-02,-2.807663757613168901e-02
5.623097805137616811e-04,1.083207053734080300e-02
-2.057221774437212325e-02,5.980844679500108008e-03
-1.279040147514608899e-02,4.361284969277831602e-03
-3.597479661967405151e-03,1.390182932211993239e-02
-1.944122014801597659e-02,-5.500820405979926775e-03
-8.756248778054934179e-03,-2.795208858980894120e-02
1.131669213333948848e-02,-4.454970626975661430e-03
3.011790000388468724e-02,-2.978492615070317540e-02
-1.469705721405912408e-02,1.230615149683972342e-02
1.428184046100776372e-02,-1.872300375562836044e-02
1.178177461203133020e-02,3.557354888020475281e-02
-1.339515659993932226e-02,-8.459757967519895838e-04
6.768863783996936778e-03,1.812640357573321731e-02
2.873741712862402931e-02,-6.646435966058975020e-03
1.655059534175612468e-02,2.782152328196368929e-04
1.417584677699737505e-02,1.419274693592824377e-02
-2.989798655534456687e-02,-2.066104524451180952e-02
-2.530102283938503310e-02,-1.319244074302040881e-03
1.791872553748707908e-02,1.718117146001820611e-02
-2.218827186075036234e-02,-1.927661300108847453e-02
7.424152027540799337e-03,-2.365962505524708478e-02
6.174807093837310357e-03,-9.196271254511341475e-03
2.934243116474935520e-02,1.679073233129188547e-02
4.746238416007873828e-03,-8.052700396723646431e-03
7.892779883653326667e-03,-4.201069856918773771e-03
-3.348975587100200269e-02,-1.186652129903778899e-02
-2.118069208986860658e-02,-3.477638519681253149e-02
3.097517144990569182e-02,-2.278428869948987898e-02
-1.084529578174502074e-03,-1.588664291674304549e-02
6.015295108549069403e-03,3.237426258896621001e-02
5.835077812022436416e-03,-2.081071180198713205e-02
-2.313097522455502195e-02,-2.846475627037261397e-02
-1.612704928682992186e-02,3.216452793611035421e-02
1.592657220501278448e-02,1.958143550143953693e-02
1.302330751867632197e-02,2.365370497384605003e-02
1.897696014113592344e-02,-3.263659124327544792e-02
1.652632207707474543e-02,-2.056012638748965643e-02
-3.008452680949985636e-04,3.027984797492104529e-02
9.822997307272839096e-03,-9.006967407784831348e-03
2.046501236151528069e-02,-4.799700220102065540e-03
7.180329994933024040e-03,-1.755219329200126410e-02
9.179902816003789046e-03,-1.006834990848934006e-02
1.816708005933483777e-02,1.020482449527626567e-03
2.143606395207459797e-02,-1.219633399570998686e-02
-1.900948544835421791e-02,2.270784346418310007e-02
4.246100619105873386e-03,1.467805043499970097e-02
-3.013462559983533934e-02,-1.702791395428174606e-02
-3.680751803968831948e-03,-3.350775574277326668e-02
1.554735892214794551e-02,2.099342151937782369e-02
-2.142638774023333803e-03,-1.513927632811215909e-02
-1.087737952828944643e-02,2.865141900068907121e-02
-4.488449440184710121e-03,-2.398713218006388176e-02
8.352454131847278362e-03,1.245117389816813996e-02
1.271935409179260346e-02,9.297144960415469617e-03
5.496178041633652256e-03,2.608670105706647341e-02
-2.834631265166787095e-02,8.437168082112166123e-03
-2.481757301837566460e-02,1.129562888625564726e-02
2.296284489802196543e-02,2.230979287489586599e-02
-3.611885058159604311e-03,6.407811894635476180e-03
2.649349341192178131e-02,-1.014675022387903289e-02
-9.932276703601486401e-04,-2.480737773999541762e-03
2.111186459575740970e-02,-1.358388960106530000e-02
3.349570060100441615e-03,3.470920083570980252e-02
1.932872262248130218e-02,2.201202144256342308e-02
2.821392360068929184e-02,4.562430968916612872e-03
1.552364376356917680e-02,-7.443000680486325238e-04
2.635754590089234989e-02,2.597963341515517610e-02
2.850629465315066002e-02,1.215268590990430109e-02
-2.018068373694411471e-02,2.017699790715631047e-02
1.398526521968997821e-02,-1.035710432849648935e-02
-2.432969595343542624e-02,1.881228388165803733e-03
4.162826021611852612e-03,-6.027226678525152842e-03
1.359390022494355588e-02,-3.454118595279172949e-02
-1.655037863783479293e-02,-5.050666151039724661e-03
2.892808532617946460e-02,-2.573812697663038079e-02
-2.773052040163459520e-02,9.412895849349109390e-03
7.752607165635416742e-03,3.789763158586270664e-03
-3.260384625966816774e-02,-1.728143729643509194e-02
-3.338634883276535292e-03,1.287550351676248345e-02
-2.405841819457763334e-02,-2.433881287892736278e-03
4.885515765885771466e-03,3.155728305447229320e-02
2.444179823599679224e-03,9.082802031619777172e-04
-1.598824351305655478e-02,1.824519538158785037e-03
-9.547077932759502616e-03,2.120635881626104641e-02
2.604231789700817146e-03,1.386506386531955598e-02
2.937969798530828958e-02,-1.215114147906157585e-02
-2.120734119537559526e-02,3.096044544698028922e-02
8.015368343512623006e-03,2.668200662259606615e-02
-1.466560902209377085e-02,7.893321770650177371e-03
-1.823987525062007939e-02,1.929049776593956544e-02
2.851714665104829183e-02,3.072518182135039466e-02
-2.078042739935166694e-02,-3.209676639745169535e-02
6.062859486689817223e-03,1.134911110221903385e-02
1.917673221643503845e-02,-3.306479410214981096e-03
-1.487554500026146143e-02,-3.832669153616637125e-03
2.869495471006759668e-02,-1.792385599031724383e-02
-2.534088077968308858e-02,-2.965857915870789840e-02
2.621017643998414803e-02,1.601783784782595532e-02
5.457898335733610273e-04,1.588271642677165085e-02
-3.551248703447596605e-02,2.752359217905880895e-02
3.214566888397482614e-02,-1.184816184761883218e-02
-3.200822941394143584e-02,-1.582040907953923339e-02
-2.476309053431253321e-02,1.674749352382803175e-02
-2.497178722126880412e-02,2.694251437132720584e-03
2.260452160027752455e-02,-1.226009958816227235e-02
-1.786152215907182983e-02,1.780229464348689894e-02
2.260893957382294206e-02,3.811318614170708385e-03
-2.672507428599502077e-02,1.682833183549602846e-02
-1.463807180317540368e-02,-1.371159085001816963e-02
2.121772108008665447e-03,7.329907670325541691e-03
-1.149475986579633763e-02,-1.321474984516832554e-02
1.968870286288450233e-02,3.267110225219282960e-02
-1.625752109416069013e-02,-1.413248666978369691e-02
3.368617597520075224e-02,-3.288086844511239198e-02
-1.484381843501288156e-02,1.233335740569223293e-02
5.057716345672196023e-03,-1.069365076115887103e-02
1.451253678671825253e-02,2.488705703390803325e-02
-4.307892905252019844e-04,-3.426113164709122805e-02
3.224034562941034687e-02,1.069706311370363649e-04
2.713348460254449979e-02,-5.971184450843783353e-03
8.796861575535927513e-03,-1.532870250777134194e-02
2.842560064707615186e-02,4.920437950802977745e-03
-7.068662705191606360e-03,5.666236770403690337e-03
-3.429693010747271453e-02,7.297102021758442025e-03
-8.703539678785732203e-03,1.200295523377196971e-02
-1.595921223677738282e-02,1.981640683597579028e-02
3.171463288507642142e-02,2.897189145025536039e-02
1.582437179328945176e-02,-2.645770231950755197e-02
3.023360242203278203e-02,2.106849926117691785e-02
-6.135201982977091933e-03,3.207660743631123024e-02
1.462986983654192275e-03,-2.541628860013164098e-02
1.331871508390396197e-02,2.371448025770600543e-02
-8.499412019870446894e-03,-1.609515151046725379e-02
-1.081585428850362351e-02,-1.262101049280274501e-02
-4.118011614856649516e-03,3.170296561498819887e-02
-2.786369386591841524e-02,-1.345379695173247112e-02
-7.797761883924642090e-04,2.873592366076752058e-02
-2.477764302020114828e-02,-3.946871213906300024e-03
-2.861221017248478937e-02,-6.320720238195978724e-03
-1.040073220855652208e-02,-3.525836726896559858e-02
2.450734858968455637e-02,1.012816174431026978e-02
-6.030515549383344553e-03,3.150242775898678960e-02
1.524209395038778059e-06,1.233400910283395657e-02
3.012250396425802945e-02,-1.176687693875932972e-02
3.364099489812549804e-02,-2.511919848485660162e-02
-1.778667774364793217e-02,-7.248948636767709591e-03
-4.034398560013682800e-03,1.897435523848779032e-02
1.682844751024463459e-02,-2.692185129722630271e-02
1.058535190056696801e-02,1.593916486718743863e-02
4.439861757122964825e-03,2.995482775286563426e-02
-1.866057023964065240e-02,1.443158415522239474e-02
-5.386335767150210452e-03,1.195932041069320412e-02
2.677844500607558936e-02,-3.491043163297178481e-02
1.816732860862425858e-02,-3.074274269033507728e-02
-1.173914403350551777e-02,-1.010281500350338271e-02
-3.083277884334696683e-02,2.164952430155675511e-02
-7.542806824939088384e-03,-2.240991546179092395e-02
2.229606044641706253e-02,-1.026247778102347408e-03
3.715914811155407449e-04,-2.104872458635331095e-02
-2.540432332502837176e-02,2.009455405319886256e-02
6.476881841182377531e-03,3.137178575509845524e-02
1.974324848471497446e-02,-2.171863688440306417e-02
3.154871040552217898e-03,1.939470790523512705e-02
2.033138006007969428e-02,-2.845377351020782555e-02
-3.125247361781558625e-02,2.109003939459281468e-02
-7.535746140974550894e-03,1.608579448506790299e-02
-1.152290477050318604e-02,3.616956876715517188e-03
-3.466500754851824240e-03,-2.351810584598491849e-02
-1.520316099953899006e-02,1.035256626278025643e-02
3.354113995990086472e-02,1.117542108636686987e-02
